timestamp,volume
2025-01-01 00:00:00,309.93428306022463
2025-01-01 01:00:00,323.1166184868284
2025-01-01 02:00:00,362.95377076201385
2025-01-01 03:00:00,401.17127524681524
2025-01-01 04:00:00,381.9194728839771
2025-01-01 05:00:00,391.9098434899232
2025-01-01 06:00:00,431.58425631014785
2025-01-01 07:00:00,411.94127721196503
2025-01-01 08:00:00,377.21305265974485
2025-01-01 09:00:00,381.56187899037405
2025-01-01 10:00:00,340.73164614375077
2025-01-01 11:00:00,316.567309438847
2025-01-01 12:00:00,304.8392454313207
2025-01-01 13:00:00,235.85249059659196
2025-01-01 14:00:00,215.50164334973937
2025-01-01 15:00:00,218.04357129652584
2025-01-01 16:00:00,193.14083721486767
2025-01-01 17:00:00,209.69236402299865
2025-01-01 18:00:00,181.83951848957577
2025-01-01 19:00:00,175.16134334438735
2025-01-01 20:00:00,242.71043499998723
2025-01-01 21:00:00,224.77379587161454
2025-01-01 22:00:00,251.3505640937584
2025-01-01 23:00:00,245.6231317654787
2025-01-02 00:00:00,289.1123455094963
2025-01-02 01:00:00,328.1003563044494
2025-01-02 02:00:00,326.9801284515539
2025-01-02 03:00:00,378.2246384855682
2025-01-02 04:00:00,374.58976658006776
2025-01-02 05:00:00,390.7587076330413
2025-01-02 06:00:00,387.96586775541203
2025-01-02 07:00:00,433.6381463190856
2025-01-02 08:00:00,386.3325958836852
2025-01-02 09:00:00,349.5564595395367
2025-01-02 10:00:00,366.4508982420638
2025-01-02 11:00:00,301.4650315108317
2025-01-02 12:00:00,304.1772719000951
2025-01-02 13:00:00,234.92469301215243
2025-01-02 14:00:00,223.4362790220314
2025-01-02 15:00:00,233.22654659872777
2025-01-02 16:00:00,228.16679122146436
2025-01-02 17:00:00,206.83478299489258
2025-01-02 18:00:00,197.6870343522352
2025-01-02 19:00:00,197.3853434593074
2025-01-02 20:00:00,183.8270198142076
2025-01-02 21:00:00,214.89243771345107
2025-01-02 22:00:00,240.7872245808042
2025-01-02 23:00:00,295.26054001412615
2025-01-03 00:00:00,306.87236579136925
2025-01-03 01:00:00,290.6211014029974
2025-01-03 02:00:00,356.4816793878959
2025-01-03 03:00:00,363.00903251032844
2025-01-03 04:00:00,373.0641003723247
2025-01-03 05:00:00,408.8261084057242
2025-01-03 06:00:00,420.61999044991904
2025-01-03 07:00:00,415.2181850112308
2025-01-03 08:00:00,369.81818991399115
2025-01-03 09:00:00,364.52643060163047
2025-01-03 10:00:00,356.6252686280713
2025-01-03 11:00:00,345.3928070526993
2025-01-03 12:00:00,290.4165152430942
2025-01-03 13:00:00,270.4049159564716
2025-01-03 14:00:00,227.87330051987948
2025-01-03 15:00:00,205.3651893997319
2025-01-03 16:00:00,229.64797606944012
2025-01-03 17:00:00,230.53221794250965
2025-01-03 18:00:00,198.55979756839332
2025-01-03 19:00:00,223.47807532893364
2025-01-03 20:00:00,220.63018012250885
2025-01-03 21:00:00,216.38692678924275
2025-01-03 22:00:00,257.22791211016823
2025-01-03 23:00:00,304.87882681906717
2025-01-04 00:00:00,299.28347921780096
2025-01-04 01:00:00,357.1747776265322
2025-01-04 02:00:00,297.6050979182051
2025-01-04 03:00:00,387.1487282061592
2025-01-04 04:00:00,388.3434817432073
2025-01-04 05:00:00,390.61243561958946
2025-01-04 06:00:00,401.83521553071006
2025-01-04 07:00:00,356.84120433688895
2025-01-04 08:00:00,382.20910262169366
2025-01-04 09:00:00,377.8529295488897
2025-01-04 10:00:00,379.5578808948303
2025-01-04 11:00:00,315.5165001447792
2025-01-04 12:00:00,283.83012794213624
2025-01-04 13:00:00,264.0829546180572
2025-01-04 14:00:00,268.3080423540415
2025-01-04 15:00:00,235.864344074539
2025-01-04 16:00:00,202.80225554621538
2025-01-04 17:00:00,213.6727660333603
2025-01-04 18:00:00,201.9415509869608
2025-01-04 19:00:00,222.78031718175095
2025-01-04 20:00:00,199.35639774400912
2025-01-04 21:00:00,222.73607894938988
2025-01-04 22:00:00,242.1578369373568
2025-01-04 23:00:00,244.84779652710546
2025-01-05 00:00:00,305.92240554129154
2025-01-05 01:00:00,331.10300995384983
2025-01-05 02:00:00,350.10226913284924
2025-01-05 03:00:00,366.01893545115183
2025-01-05 04:00:00,358.2951255374356
2025-01-05 05:00:00,388.17967617359966
2025-01-05 06:00:00,393.1457096694646
2025-01-05 07:00:00,380.54703724447444
2025-01-05 08:00:00,383.37682614512374
2025-01-05 09:00:00,378.7916952549455
2025-01-05 10:00:00,387.7237180242106
2025-01-05 11:00:00,329.3734607668889
2025-01-05 12:00:00,305.1510078144553
2025-01-05 13:00:00,272.62917717442457
2025-01-05 14:00:00,211.6245756940192
2025-01-05 15:00:00,228.75904437236096
2025-01-05 16:00:00,214.60206382037669
2025-01-05 17:00:00,252.6722596207989
2025-01-05 18:00:00,196.15278070437756
2025-01-05 19:00:00,209.4383642177654
2025-01-05 20:00:00,212.70322422745127
2025-01-05 21:00:00,205.9157611289546
2025-01-05 22:00:00,272.85645629030034
2025-01-05 23:00:00,289.1567561434833
2025-01-06 00:00:00,315.82063894086093
2025-01-06 01:00:00,307.6941554143573
2025-01-06 02:00:00,378.055886218722
2025-01-06 03:00:00,342.67365686280914
2025-01-06 04:00:00,398.33968225444926
2025-01-06 05:00:00,440.4016951451064
2025-01-06 06:00:00,380.18927349738624
2025-01-06 07:00:00,385.2666280368514
2025-01-06 08:00:00,388.5955676801967
2025-01-06 09:00:00,360.6411650363308
2025-01-06 10:00:00,318.98673137867735
2025-01-06 11:00:00,327.2531640063727
2025-01-06 12:00:00,278.7539257254779
2025-01-06 13:00:00,283.58994410245157
2025-01-06 14:00:00,231.61151531532397
2025-01-06 15:00:00,260.28800998169606
2025-01-06 16:00:00,197.73239377483142
2025-01-06 17:00:00,196.96618704697966
2025-01-06 18:00:00,216.2703443473934
2025-01-06 19:00:00,178.79013104241406
2025-01-06 20:00:00,217.94665831363875
2025-01-06 21:00:00,255.4321769669938
2025-01-06 22:00:00,217.85033530877539
2025-01-06 23:00:00,277.8107726603939
2025-01-07 00:00:00,305.19765588496847
2025-01-07 01:00:00,341.5183619457983
2025-01-07 02:00:00,325.26098578243835
2025-01-07 03:00:00,344.30154585696926
2025-01-07 04:00:00,397.04137169078183
2025-01-07 05:00:00,402.53227609357054
2025-01-07 06:00:00,405.0098570069175
2025-01-07 07:00:00,403.52154681884633
2025-01-07 08:00:00,373.0020459468741
2025-01-07 09:00:00,375.35575206187485
2025-01-07 10:00:00,355.86144946597364
2025-01-07 11:00:00,311.59487614972477
2025-01-07 12:00:00,337.3154902228951
2025-01-07 13:00:00,283.59475390798366
2025-01-07 14:00:00,226.17393005594707
2025-01-07 15:00:00,242.4203940540219
2025-01-07 16:00:00,193.90382621700974
2025-01-07 17:00:00,219.1491094459422
2025-01-07 18:00:00,223.17191158014808
2025-01-07 19:00:00,186.99377100405897
2025-01-07 20:00:00,232.66498220644257
2025-01-07 21:00:00,237.54494042007522
2025-01-07 22:00:00,266.44120319988974
2025-01-07 23:00:00,312.0539551428268
2025-01-08 00:00:00,295.09223767994257
2025-01-08 01:00:00,310.8071812231023
2025-01-08 02:00:00,332.2097114074895
2025-01-08 03:00:00,354.394472419346
2025-01-08 04:00:00,385.0605061901618
2025-01-08 05:00:00,403.4156221252397
2025-01-08 06:00:00,405.53381598660036
2025-01-08 07:00:00,413.1362476096273
2025-01-08 08:00:00,386.862578216002
2025-01-08 09:00:00,399.7813596618011
2025-01-08 10:00:00,344.7068633352409
2025-01-08 11:00:00,380.2852878420445
2025-01-08 12:00:00,312.5133469553001
2025-01-08 13:00:00,256.9749443614223
2025-01-08 14:00:00,228.5821500387778
2025-01-08 15:00:00,238.938770186209
2025-01-08 16:00:00,208.92820391503915
2025-01-08 17:00:00,217.687427252935
2025-01-08 18:00:00,209.4647524914709
2025-01-08 19:00:00,201.95083911795572
2025-01-08 20:00:00,196.46158526018806
2025-01-08 21:00:00,198.99237738762795
2025-01-08 22:00:00,241.06970095865952
2025-01-08 23:00:00,291.2460713762173
2025-01-09 00:00:00,304.2818748826041
2025-01-09 01:00:00,300.96712893601233
2025-01-09 02:00:00,353.46361851702363
2025-01-09 03:00:00,378.4170257132315
2025-01-09 04:00:00,368.92539165442116
2025-01-09 05:00:00,399.6670847478174
2025-01-09 06:00:00,401.16417436892
2025-01-09 07:00:00,373.73317667229435
2025-01-09 08:00:00,393.75828758540956
2025-01-09 09:00:00,381.92636864601945
2025-01-09 10:00:00,371.66102486350553
2025-01-09 11:00:00,346.95794555095017
2025-01-09 12:00:00,272.4466126408582
2025-01-09 13:00:00,255.36159469144548
2025-01-09 14:00:00,260.30070534417325
2025-01-09 15:00:00,239.5650408995895
2025-01-09 16:00:00,223.6984133476771
2025-01-09 17:00:00,280.4620471841876
2025-01-09 18:00:00,211.41781021386333
2025-01-09 19:00:00,226.11873017470515
2025-01-09 20:00:00,232.4774948914202
2025-01-09 21:00:00,242.3171469074612
2025-01-09 22:00:00,243.69461510719304
2025-01-09 23:00:00,289.29747989961317
2025-01-10 00:00:00,284.5434957092486
2025-01-10 01:00:00,321.1455323754519
2025-01-10 02:00:00,340.2927290434179
2025-01-10 03:00:00,372.3481609063812
2025-01-10 04:00:00,432.89571171191403
2025-01-10 05:00:00,359.24727877707187
2025-01-10 06:00:00,413.7252038074903
2025-01-10 07:00:00,364.33826520511377
2025-01-10 08:00:00,377.1639030626552
2025-01-10 09:00:00,392.48969005800205
2025-01-10 10:00:00,351.28560038190926
2025-01-10 11:00:00,304.327008951666
2025-01-10 12:00:00,285.69392581480065
2025-01-10 13:00:00,287.71005046844147
2025-01-10 14:00:00,235.3926673656573
2025-01-10 15:00:00,233.6184936729848
2025-01-10 16:00:00,214.30889641963242
2025-01-10 17:00:00,190.37541041897683
2025-01-10 18:00:00,242.8788817865065
2025-01-10 19:00:00,216.0857978174534
2025-01-10 20:00:00,172.894607888404
2025-01-10 21:00:00,233.0184081767338
2025-01-10 22:00:00,236.7642707046322
2025-01-10 23:00:00,291.16676218567227
2025-01-11 00:00:00,284.149585231346
2025-01-11 01:00:00,323.5871756809141
2025-01-11 02:00:00,360.09974557960913
2025-01-11 03:00:00,388.0257820020572
2025-01-11 04:00:00,362.5966122373283
2025-01-11 05:00:00,389.90255791208784
2025-01-11 06:00:00,390.50109377678086
2025-01-11 07:00:00,383.5259979774326
2025-01-11 08:00:00,421.9116251840658
2025-01-11 09:00:00,378.8103123378739
2025-01-11 10:00:00,324.7823209132991
2025-01-11 11:00:00,344.2391434513477
2025-01-11 12:00:00,342.4431239402527
2025-01-11 13:00:00,294.76740070077085
2025-01-11 14:00:00,219.61260068091977
2025-01-11 15:00:00,219.60464042402026
2025-01-11 16:00:00,238.73568260528862
2025-01-11 17:00:00,189.25402805871755
2025-01-11 18:00:00,208.87638856292457
2025-01-11 19:00:00,218.9000984396799
2025-01-11 20:00:00,194.85885018999448
2025-01-11 21:00:00,228.09881476010924
2025-01-11 22:00:00,185.1746531986185
2025-01-11 23:00:00,253.630342663062
2025-01-12 00:00:00,294.9486369721368
2025-01-12 01:00:00,300.9262408709551
2025-01-12 02:00:00,382.6482260786327
2025-01-12 03:00:00,342.1078505594421
2025-01-12 04:00:00,377.80165064450415
2025-01-12 05:00:00,399.20739417462863
2025-01-12 06:00:00,428.8254657813223
2025-01-12 07:00:00,367.87533960531806
2025-01-12 08:00:00,409.8658154215431
2025-01-12 09:00:00,370.9153393390465
2025-01-12 10:00:00,330.36982697904097
2025-01-12 11:00:00,335.12397399551753
2025-01-12 12:00:00,303.9811939114694
2025-01-12 13:00:00,262.11375794657204
2025-01-12 14:00:00,251.3960416998004
2025-01-12 15:00:00,221.5830499441101
2025-01-12 16:00:00,215.6678065265811
2025-01-12 17:00:00,216.6500308615141
2025-01-12 18:00:00,231.72033632290703
2025-01-12 19:00:00,178.6511073945562
2025-01-12 20:00:00,256.0581271146815
2025-01-12 21:00:00,190.2475658908952
2025-01-12 22:00:00,246.96429809928827
2025-01-12 23:00:00,285.8844396194393
2025-01-13 00:00:00,305.6198373547007
2025-01-13 01:00:00,313.4279141138402
2025-01-13 02:00:00,345.8375549928545
2025-01-13 03:00:00,360.8506594254781
2025-01-13 04:00:00,374.8152452395596
2025-01-13 05:00:00,413.58462456932733
2025-01-13 06:00:00,407.14030971930094
2025-01-13 07:00:00,382.73439072369376
2025-01-13 08:00:00,404.5945378871089
2025-01-13 09:00:00,376.85666853618693
2025-01-13 10:00:00,366.25724237677923
2025-01-13 11:00:00,338.4744813487244
2025-01-13 12:00:00,283.4200997815586
2025-01-13 13:00:00,262.91447468580856
2025-01-13 14:00:00,264.9458721024653
2025-01-13 15:00:00,241.4967271900146
2025-01-13 16:00:00,212.9794277422732
2025-01-13 17:00:00,205.7539650372688
2025-01-13 18:00:00,225.5532979157685
2025-01-13 19:00:00,191.57598959437658
2025-01-13 20:00:00,224.3394072449569
2025-01-13 21:00:00,225.24546883266737
2025-01-13 22:00:00,245.64637593545552
2025-01-13 23:00:00,296.09363252949163
2025-01-14 00:00:00,316.50832697976057
2025-01-14 01:00:00,342.1520972302648
2025-01-14 02:00:00,376.1095761430866
2025-01-14 03:00:00,371.13075495130994
2025-01-14 04:00:00,400.24159980434314
2025-01-14 05:00:00,390.3872474970377
2025-01-14 06:00:00,406.48332704976883
2025-01-14 07:00:00,393.98972154155314
2025-01-14 08:00:00,388.54245967829826
2025-01-14 09:00:00,382.613818627393
2025-01-14 10:00:00,333.6355863353306
2025-01-14 11:00:00,367.7296500239613
2025-01-14 12:00:00,279.87965237000594
2025-01-14 13:00:00,249.8343232339933
2025-01-14 14:00:00,273.1622174700014
2025-01-14 15:00:00,245.122575760604
2025-01-14 16:00:00,225.87985596259927
2025-01-14 17:00:00,215.97432755637877
2025-01-14 18:00:00,199.7550645430617
2025-01-14 19:00:00,185.46232994137654
2025-01-14 20:00:00,214.9135507854307
2025-01-14 21:00:00,215.746087651103
2025-01-14 22:00:00,269.50239466835495
2025-01-14 23:00:00,271.176947859705
2025-01-15 00:00:00,283.49005606414977
2025-01-15 01:00:00,319.4541876771922
2025-01-15 02:00:00,358.2586290855125
2025-01-15 03:00:00,359.43618706257524
2025-01-15 04:00:00,370.1581324671152
2025-01-15 05:00:00,401.46632685874505
2025-01-15 06:00:00,404.89933142217444
2025-01-15 07:00:00,386.45371912148426
2025-01-15 08:00:00,377.18177426607747
2025-01-15 09:00:00,375.35167686580746
2025-01-15 10:00:00,321.0383131700535
2025-01-15 11:00:00,297.732629022721
2025-01-15 12:00:00,285.6311155749513
2025-01-15 13:00:00,269.849152455511
2025-01-15 14:00:00,256.2181513119601
2025-01-15 15:00:00,258.79644622033635
2025-01-15 16:00:00,230.55065208559654
2025-01-15 17:00:00,200.20864677182465
2025-01-15 18:00:00,199.61967584194622
2025-01-15 19:00:00,183.356830078337
2025-01-15 20:00:00,213.02719690170835
2025-01-15 21:00:00,223.51614910294248
2025-01-15 22:00:00,256.4543712067617
2025-01-15 23:00:00,257.57347661870136
2025-01-16 00:00:00,310.38693028482345
2025-01-16 01:00:00,356.5366827703036
2025-01-16 02:00:00,347.82479703086284
2025-01-16 03:00:00,378.74491256063357
2025-01-16 04:00:00,400.4054202126661
2025-01-16 05:00:00,388.5681731911901
2025-01-16 06:00:00,404.4818496362083
2025-01-16 07:00:00,396.84443064454274
2025-01-16 08:00:00,388.55606234942053
2025-01-16 09:00:00,355.25048244154544
2025-01-16 10:00:00,350.4902034851789
2025-01-16 11:00:00,335.8418703351611
2025-01-16 12:00:00,329.0228721559008
2025-01-16 13:00:00,293.3035120114521
2025-01-16 14:00:00,293.0636491502312
2025-01-16 15:00:00,213.9423706235843
2025-01-16 16:00:00,230.84387235596972
2025-01-16 17:00:00,207.07425748586022
2025-01-16 18:00:00,243.79605866435344
2025-01-16 19:00:00,187.24145166399015
2025-01-16 20:00:00,196.60302277794062
2025-01-16 21:00:00,217.3014689724648
2025-01-16 22:00:00,207.5220855138038
2025-01-16 23:00:00,263.6029950561326
2025-01-17 00:00:00,284.81734676892603
2025-01-17 01:00:00,328.8897802397762
2025-01-17 02:00:00,356.83511951554317
2025-01-17 03:00:00,408.23409490297246
2025-01-17 04:00:00,405.6110171421649
2025-01-17 05:00:00,385.05450951565876
2025-01-17 06:00:00,382.03170657303286
2025-01-17 07:00:00,406.43096605903696
2025-01-17 08:00:00,360.1978762380311
2025-01-17 09:00:00,407.3398534357418
2025-01-17 10:00:00,373.58880241442574
2025-01-17 11:00:00,316.49839146815805
2025-01-17 12:00:00,265.73730941818246
2025-01-17 13:00:00,301.1955429730562
2025-01-17 14:00:00,247.70920309494767
2025-01-17 15:00:00,254.04564812081455
2025-01-17 16:00:00,181.5089064456688
2025-01-17 17:00:00,191.41991691201773
2025-01-17 18:00:00,200.10487399436366
2025-01-17 19:00:00,204.34702924638802
2025-01-17 20:00:00,204.3961501919713
2025-01-17 21:00:00,241.74632052829523
2025-01-17 22:00:00,228.64759141234805
2025-01-17 23:00:00,271.27050578932193
2025-01-18 00:00:00,302.40591263423795
2025-01-18 01:00:00,336.17068119142704
2025-01-18 02:00:00,364.2322975617778
2025-01-18 03:00:00,348.21783628189735
2025-01-18 04:00:00,355.9202569637314
2025-01-18 05:00:00,422.146119066877
2025-01-18 06:00:00,406.6462802395918
2025-01-18 07:00:00,381.6228518977758
2025-01-18 08:00:00,417.6255798888944
2025-01-18 09:00:00,373.0241708045119
2025-01-18 10:00:00,373.58594368127655
2025-01-18 11:00:00,327.23227413845433
2025-01-18 12:00:00,341.2149584976397
2025-01-18 13:00:00,309.224912338612
2025-01-18 14:00:00,245.02071703041855
2025-01-18 15:00:00,248.72074090043242
2025-01-18 16:00:00,226.3049786132591
2025-01-18 17:00:00,230.78004852174016
2025-01-18 18:00:00,180.70153078839792
2025-01-18 19:00:00,217.12844657106197
2025-01-18 20:00:00,234.5659493585479
2025-01-18 21:00:00,194.11453215288296
2025-01-18 22:00:00,226.33482974668445
2025-01-18 23:00:00,233.3334519345458
2025-01-19 00:00:00,294.61186331110883
2025-01-19 01:00:00,340.2327496261713
2025-01-19 02:00:00,380.04714104192055
2025-01-19 03:00:00,372.1925737270503
2025-01-19 04:00:00,419.1748512898697
2025-01-19 05:00:00,368.990553464609
2025-01-19 06:00:00,365.9323512128969
2025-01-19 07:00:00,395.48162865097447
2025-01-19 08:00:00,394.28384935723005
2025-01-19 09:00:00,370.0567831567729
2025-01-19 10:00:00,308.6511579992025
2025-01-19 11:00:00,324.09950371999633
2025-01-19 12:00:00,273.9106099899029
2025-01-19 13:00:00,287.5115464663487
2025-01-19 14:00:00,257.331964921937
2025-01-19 15:00:00,210.4917261547982
2025-01-19 16:00:00,203.12012127482228
2025-01-19 17:00:00,182.22314693331415
2025-01-19 18:00:00,198.74641805453658
2025-01-19 19:00:00,222.51026378111794
2025-01-19 20:00:00,193.6829386948453
2025-01-19 21:00:00,239.37025219170212
2025-01-19 22:00:00,239.39484763255112
2025-01-19 23:00:00,258.26063884450093
2025-01-20 00:00:00,297.85939280090884
2025-01-20 01:00:00,305.1770580618646
2025-01-20 02:00:00,338.92701389305637
2025-01-20 03:00:00,346.7531202668778
2025-01-20 04:00:00,425.8970430367716
2025-01-20 05:00:00,397.2978536683414
2025-01-20 06:00:00,386.0054898401483
2025-01-20 07:00:00,400.87218084359125
2025-01-20 08:00:00,384.3559793846273
2025-01-20 09:00:00,366.2912861279903
2025-01-20 10:00:00,362.2833340008685
2025-01-20 11:00:00,341.0320587111982
2025-01-20 12:00:00,289.38997704778944
2025-01-20 13:00:00,262.60173067685434
2025-01-20 14:00:00,244.49896605696716
2025-01-20 15:00:00,183.2508985866336
2025-01-20 16:00:00,183.0936383775851
2025-01-20 17:00:00,230.74490271998366
2025-01-20 18:00:00,232.89935427002567
2025-01-20 19:00:00,198.4266965799656
2025-01-20 20:00:00,224.92859888267148
2025-01-20 21:00:00,235.51432497221597
2025-01-20 22:00:00,311.5776161691047
2025-01-20 23:00:00,296.50959371843936
2025-01-21 00:00:00,297.44164817038467
2025-01-21 01:00:00,306.7710956982436
2025-01-21 02:00:00,317.87107359484855
2025-01-21 03:00:00,374.7799508359992
2025-01-21 04:00:00,371.4755254727578
2025-01-21 05:00:00,368.14750843695333
2025-01-21 06:00:00,387.06854231514944
2025-01-21 07:00:00,374.9616225566189
2025-01-21 08:00:00,420.3453730798952
2025-01-21 09:00:00,388.3434732576438
2025-01-21 10:00:00,349.84054717366763
2025-01-21 11:00:00,355.4807872880526
2025-01-21 12:00:00,301.54736615295235
2025-01-21 13:00:00,256.89241146318267
2025-01-21 14:00:00,280.4624815453932
2025-01-21 15:00:00,240.06752275503848
2025-01-21 16:00:00,192.65253653502702
2025-01-21 17:00:00,199.600643809421
2025-01-21 18:00:00,182.48763493230484
2025-01-21 19:00:00,175.75142275180644
2025-01-21 20:00:00,231.92101057218898
2025-01-21 21:00:00,267.47765469074784
2025-01-21 22:00:00,222.0286485236171
2025-01-21 23:00:00,285.37748022355925
2025-01-22 00:00:00,286.98714861756343
2025-01-22 01:00:00,316.1393968349581
2025-01-22 02:00:00,338.15212151522263
2025-01-22 03:00:00,353.43086272505843
2025-01-22 04:00:00,387.5729729373404
2025-01-22 05:00:00,379.9735803006861
2025-01-22 06:00:00,405.4091365155968
2025-01-22 07:00:00,395.5878204399241
2025-01-22 08:00:00,381.8235794411157
2025-01-22 09:00:00,352.5594048778228
2025-01-22 10:00:00,338.46457338863337
2025-01-22 11:00:00,340.98972902676724
2025-01-22 12:00:00,310.0183437524876
2025-01-22 13:00:00,254.5669905937769
2025-01-22 14:00:00,251.98664610858455
2025-01-22 15:00:00,244.3170643487811
2025-01-22 16:00:00,180.00935399912873
2025-01-22 17:00:00,214.27462121869186
2025-01-22 18:00:00,186.74752482108306
2025-01-22 19:00:00,214.81939074295636
2025-01-22 20:00:00,198.1322764907058
2025-01-22 21:00:00,193.19167986805485
2025-01-22 22:00:00,217.44915124233668
2025-01-22 23:00:00,275.07979442297545
2025-01-23 00:00:00,305.1944500344296
2025-01-23 01:00:00,307.7955720081639
2025-01-23 02:00:00,362.77184917554746
2025-01-23 03:00:00,337.48027687327556
2025-01-23 04:00:00,385.2809444054975
2025-01-23 05:00:00,372.3722586336577
2025-01-23 06:00:00,386.9632778439568
2025-01-23 07:00:00,397.54055605523513
2025-01-23 08:00:00,369.39427307276486
2025-01-23 09:00:00,363.01956723405823
2025-01-23 10:00:00,370.1258561842888
2025-01-23 11:00:00,314.34406711978914
2025-01-23 12:00:00,316.7138422413028
2025-01-23 13:00:00,251.52395839659556
2025-01-23 14:00:00,260.5960835583057
2025-01-23 15:00:00,258.1206942945033
2025-01-23 16:00:00,163.96456961901038
2025-01-23 17:00:00,187.46951226168363
2025-01-23 18:00:00,211.5414425436108
2025-01-23 19:00:00,199.34650965023332
2025-01-23 20:00:00,220.82037708898233
2025-01-23 21:00:00,217.20961814702883
2025-01-23 22:00:00,251.73179574945794
2025-01-23 23:00:00,271.00455078190623
2025-01-24 00:00:00,323.35564123319614
2025-01-24 01:00:00,330.97032137627633
2025-01-24 02:00:00,356.75205324150403
2025-01-24 03:00:00,362.47313879620543
2025-01-24 04:00:00,376.850415896994
2025-01-24 05:00:00,387.9414188725144
2025-01-24 06:00:00,407.8890428475659
2025-01-24 07:00:00,388.17289301250156
2025-01-24 08:00:00,392.39803751637214
2025-01-24 09:00:00,412.2186940915635
2025-01-24 10:00:00,367.42249406863385
2025-01-24 11:00:00,319.3614338668953
2025-01-24 12:00:00,324.0242784432789
2025-01-24 13:00:00,265.9565880293169
2025-01-24 14:00:00,209.23750929644297
2025-01-24 15:00:00,209.1275956629972
2025-01-24 16:00:00,175.98162120103905
2025-01-24 17:00:00,196.377147690267
2025-01-24 18:00:00,200.36836758379104
2025-01-24 19:00:00,236.93616361659883
2025-01-24 20:00:00,219.9360070968394
2025-01-24 21:00:00,224.90731130516795
2025-01-24 22:00:00,266.5881116236697
2025-01-24 23:00:00,229.89538930959012
2025-01-25 00:00:00,304.7122911621713
2025-01-25 01:00:00,341.2992083879914
2025-01-25 02:00:00,320.42827508440314
2025-01-25 03:00:00,393.5857589827933
2025-01-25 04:00:00,393.37246852833215
2025-01-25 05:00:00,388.2868243508908
2025-01-25 06:00:00,412.6556373221257
2025-01-25 07:00:00,442.00643978499477
2025-01-25 08:00:00,390.2398654796138
2025-01-25 09:00:00,375.6750898446615
2025-01-25 10:00:00,340.81278200919513
2025-01-25 11:00:00,308.88501712095626
2025-01-25 12:00:00,316.6067163308849
2025-01-25 13:00:00,256.99641897157056
2025-01-25 14:00:00,251.43132474438787
2025-01-25 15:00:00,219.73617294604296
2025-01-25 16:00:00,222.97705613648398
2025-01-25 17:00:00,210.08065947683215
2025-01-25 18:00:00,220.750798885158
2025-01-25 19:00:00,193.20708939399825
2025-01-25 20:00:00,207.99996091568872
2025-01-25 21:00:00,209.7140475656991
2025-01-25 22:00:00,241.11413479847772
2025-01-25 23:00:00,281.66410535064483
2025-01-26 00:00:00,315.13977233290706
2025-01-26 01:00:00,307.43859802669954
2025-01-26 02:00:00,367.3921184021132
2025-01-26 03:00:00,397.8234352947538
2025-01-26 04:00:00,394.87123844291784
2025-01-26 05:00:00,434.12849888006815
2025-01-26 06:00:00,384.52421601792855
2025-01-26 07:00:00,371.6994885626785
2025-01-26 08:00:00,351.02813540035834
2025-01-26 09:00:00,400.6315643484384
2025-01-26 10:00:00,363.08731312708113
2025-01-26 11:00:00,324.77021109204304
2025-01-26 12:00:00,305.5993725263964
2025-01-26 13:00:00,251.6083145437804
2025-01-26 14:00:00,298.91503959233654
2025-01-26 15:00:00,231.87374552084987
2025-01-26 16:00:00,215.585355513654
2025-01-26 17:00:00,217.922749849067
2025-01-26 18:00:00,209.62018463473427
2025-01-26 19:00:00,207.8850978566758
2025-01-26 20:00:00,197.58797051264992
2025-01-26 21:00:00,238.71868902406516
2025-01-26 22:00:00,287.64048992950063
2025-01-26 23:00:00,301.0264964128474
2025-01-27 00:00:00,331.86373253278794
2025-01-27 01:00:00,315.65759098162835
2025-01-27 02:00:00,330.2079035948284
2025-01-27 03:00:00,368.1949397166618
2025-01-27 04:00:00,387.71703862421776
2025-01-27 05:00:00,418.47641299832577
2025-01-27 06:00:00,366.1507074057036
2025-01-27 07:00:00,427.1835890181191
2025-01-27 08:00:00,383.4423824068641
2025-01-27 09:00:00,362.1730567197064
2025-01-27 10:00:00,329.75791249479664
2025-01-27 11:00:00,292.78477107293673
2025-01-27 12:00:00,316.4634116792383
2025-01-27 13:00:00,275.584454833516
2025-01-27 14:00:00,224.20078200517895
2025-01-27 15:00:00,203.387746440073
2025-01-27 16:00:00,206.68176563575358
2025-01-27 17:00:00,236.78784787688102
2025-01-27 18:00:00,194.8081729727279
2025-01-27 19:00:00,173.34455830873105
2025-01-27 20:00:00,208.48259833983727
2025-01-27 21:00:00,223.83485048639184
2025-01-27 22:00:00,196.06226714116852
2025-01-27 23:00:00,273.03219815939156
2025-01-28 00:00:00,295.38130939582646
2025-01-28 01:00:00,339.8060318065204
2025-01-28 02:00:00,386.9791218989069
2025-01-28 03:00:00,393.2419787096099
2025-01-28 04:00:00,381.2247665673472
2025-01-28 05:00:00,374.4620644540734
2025-01-28 06:00:00,451.4671960649972
2025-01-28 07:00:00,397.7769513091966
2025-01-28 08:00:00,386.88112621670285
2025-01-28 09:00:00,370.2281763764547
2025-01-28 10:00:00,353.9616952153571
2025-01-28 11:00:00,322.99469627177325
2025-01-28 12:00:00,288.5267598623953
2025-01-28 13:00:00,263.18091666494007
2025-01-28 14:00:00,249.34493459568006
2025-01-28 15:00:00,218.42082645867
2025-01-28 16:00:00,199.14054396801288
2025-01-28 17:00:00,205.5360219249311
2025-01-28 18:00:00,194.9004556515829
2025-01-28 19:00:00,233.48727714274696
2025-01-28 20:00:00,160.37806345369592
2025-01-28 21:00:00,251.11945891979448
2025-01-28 22:00:00,274.9217038499525
2025-01-28 23:00:00,232.65029084158482
2025-01-29 00:00:00,293.14624811839303
2025-01-29 01:00:00,318.45308719033625
2025-01-29 02:00:00,321.8497661056436
2025-01-29 03:00:00,355.1543443668372
2025-01-29 04:00:00,364.3910234691273
2025-01-29 05:00:00,431.6379914973793
2025-01-29 06:00:00,418.7135678629492
2025-01-29 07:00:00,422.02368452879
2025-01-29 08:00:00,401.0359816593086
2025-01-29 09:00:00,348.1296426943102
2025-01-29 10:00:00,339.5095946744045
2025-01-29 11:00:00,335.6693957348105
2025-01-29 12:00:00,275.5574438221611
2025-01-29 13:00:00,288.3780640931957
2025-01-29 14:00:00,245.19349203683734
2025-01-29 15:00:00,221.79290573035334
2025-01-29 16:00:00,227.61665898562597
2025-01-29 17:00:00,212.29268360081397
2025-01-29 18:00:00,192.7806766836184
2025-01-29 19:00:00,226.59401343837814
2025-01-29 20:00:00,191.7761930695582
2025-01-29 21:00:00,241.60803402023052
2025-01-29 22:00:00,261.8620251593676
2025-01-29 23:00:00,267.927166703468
2025-01-30 00:00:00,306.52266044484236
2025-01-30 01:00:00,300.85963298254603
2025-01-30 02:00:00,368.480540384138
2025-01-30 03:00:00,367.012635389795
2025-01-30 04:00:00,376.14807996806303
2025-01-30 05:00:00,417.5727671456446
2025-01-30 06:00:00,385.9131261891448
2025-01-30 07:00:00,368.4233567016356
2025-01-30 08:00:00,355.4699569079658
2025-01-30 09:00:00,382.83087714556757
2025-01-30 10:00:00,324.39141295007437
2025-01-30 11:00:00,360.97778814993944
2025-01-30 12:00:00,258.36141184232554
2025-01-30 13:00:00,308.0472228555487
2025-01-30 14:00:00,254.2203493440524
2025-01-30 15:00:00,227.35505964393747
2025-01-30 16:00:00,202.49907788537715
2025-01-30 17:00:00,211.3901396581346
2025-01-30 18:00:00,199.24730595150302
2025-01-30 19:00:00,225.4734550114236
2025-01-30 20:00:00,215.68201259479696
2025-01-30 21:00:00,232.29535711058278
2025-01-30 22:00:00,242.72775575572282
2025-01-30 23:00:00,272.97918301532644
2025-01-31 00:00:00,306.1560353778412
2025-01-31 01:00:00,291.67853665711954
2025-01-31 02:00:00,323.03629155788576
2025-01-31 03:00:00,385.57595999910905
2025-01-31 04:00:00,390.0198491410027
2025-01-31 05:00:00,392.91291590185324
2025-01-31 06:00:00,400.36867866130785
2025-01-31 07:00:00,403.54421673614024
2025-01-31 08:00:00,375.80734677225666
2025-01-31 09:00:00,355.1445836106085
2025-01-31 10:00:00,353.9169051019536
2025-01-31 11:00:00,306.31444895795147
2025-01-31 12:00:00,308.16505511428943
2025-01-31 13:00:00,240.06642340499113
2025-01-31 14:00:00,270.5831127465129
2025-01-31 15:00:00,238.74127152960617
2025-01-31 16:00:00,218.51805430783367
2025-01-31 17:00:00,223.06123705000346
2025-01-31 18:00:00,233.30948888925153
2025-01-31 19:00:00,223.69481867145578
2025-01-31 20:00:00,176.57997499492325
2025-01-31 21:00:00,203.6977825466312
2025-01-31 22:00:00,237.50362844608637
2025-01-31 23:00:00,274.6399164939645
2025-02-01 00:00:00,310.35318040938245
2025-02-01 01:00:00,311.36702824718276
2025-02-01 02:00:00,353.7353352895416
2025-02-01 03:00:00,355.6030194715883
2025-02-01 04:00:00,374.37218431860487
2025-02-01 05:00:00,368.4593606919424
2025-02-01 06:00:00,381.5353350777819
2025-02-01 07:00:00,369.55889051658016
2025-02-01 08:00:00,367.0850753188972
2025-02-01 09:00:00,391.78351405081156
2025-02-01 10:00:00,331.01202222336116
2025-02-01 11:00:00,378.5295458069999
2025-02-01 12:00:00,309.8663580176178
2025-02-01 13:00:00,277.8148179636454
2025-02-01 14:00:00,232.83284439637575
2025-02-01 15:00:00,243.29551946952512
2025-02-01 16:00:00,201.88470309680068
2025-02-01 17:00:00,205.8476136640004
2025-02-01 18:00:00,251.2016907653759
2025-02-01 19:00:00,201.4862193766002
2025-02-01 20:00:00,236.38292614726967
2025-02-01 21:00:00,215.2257933788275
2025-02-01 22:00:00,249.30023019006072
2025-02-01 23:00:00,309.534108202458
2025-02-02 00:00:00,287.4606588442447
2025-02-02 01:00:00,362.1308756701907
2025-02-02 02:00:00,364.15503870910953
2025-02-02 03:00:00,359.4613426007694
2025-02-02 04:00:00,399.25069515955425
2025-02-02 05:00:00,416.04367162144143
2025-02-02 06:00:00,412.4361992443439
2025-02-02 07:00:00,365.1880882310977
2025-02-02 08:00:00,372.05979686194655
2025-02-02 09:00:00,365.7603054076247
2025-02-02 10:00:00,348.5113314179991
2025-02-02 11:00:00,338.2953464612657
2025-02-02 12:00:00,303.5540200186651
2025-02-02 13:00:00,247.4112083155459
2025-02-02 14:00:00,257.6039570201193
2025-02-02 15:00:00,241.50103678702177
2025-02-02 16:00:00,224.59326858017695
2025-02-02 17:00:00,225.02303188218562
2025-02-02 18:00:00,216.67844309097808
2025-02-02 19:00:00,212.59101895566192
2025-02-02 20:00:00,211.99414539238322
2025-02-02 21:00:00,196.0701032110254
2025-02-02 22:00:00,258.5923643826517
2025-02-02 23:00:00,278.27184923301
2025-02-03 00:00:00,305.43157674390744
2025-02-03 01:00:00,300.3469329938459
2025-02-03 02:00:00,328.3788691918347
2025-02-03 03:00:00,391.77373518531283
2025-02-03 04:00:00,385.8114373013108
2025-02-03 05:00:00,410.2225965763593
2025-02-03 06:00:00,400.5663675226092
2025-02-03 07:00:00,397.18770541882174
2025-02-03 08:00:00,405.3682164979639
2025-02-03 09:00:00,360.38978355430726
2025-02-03 10:00:00,351.9224155388197
2025-02-03 11:00:00,316.63639873615125
2025-02-03 12:00:00,291.31007545135367
2025-02-03 13:00:00,267.93465302037515
2025-02-03 14:00:00,254.4426754326743
2025-02-03 15:00:00,219.71434944807575
2025-02-03 16:00:00,238.51258213302657
2025-02-03 17:00:00,185.5152713267031
2025-02-03 18:00:00,196.26256711677283
2025-02-03 19:00:00,194.61279620560967
2025-02-03 20:00:00,242.3370173086308
2025-02-03 21:00:00,233.22041741157673
2025-02-03 22:00:00,270.6368907893726
2025-02-03 23:00:00,244.40688802900837
2025-02-04 00:00:00,305.34100531738517
2025-02-04 01:00:00,343.67452042272083
2025-02-04 02:00:00,351.6456797855085
2025-02-04 03:00:00,392.0202856199618
2025-02-04 04:00:00,376.2567713764364
2025-02-04 05:00:00,424.7795314326184
2025-02-04 06:00:00,445.977962472385
2025-02-04 07:00:00,389.33581142011366
2025-02-04 08:00:00,377.69248995042847
2025-02-04 09:00:00,399.77836766100876
2025-02-04 10:00:00,381.5914429146143
2025-02-04 11:00:00,315.42470396718676
2025-02-04 12:00:00,291.5962636580829
2025-02-04 13:00:00,268.48240331253777
2025-02-04 14:00:00,223.11098977931448
2025-02-04 15:00:00,210.91628295166134
2025-02-04 16:00:00,193.3146442865148
2025-02-04 17:00:00,188.05146606901062
2025-02-04 18:00:00,199.30630225226437
2025-02-04 19:00:00,208.09171202182358
2025-02-04 20:00:00,244.40746947783768
2025-02-04 21:00:00,209.32224106656943
2025-02-04 22:00:00,269.6864479695316
2025-02-04 23:00:00,269.83831860523765
2025-02-05 00:00:00,299.0107258069513
2025-02-05 01:00:00,339.3782943535841
2025-02-05 02:00:00,327.545559568754
2025-02-05 03:00:00,378.35887304233574
2025-02-05 04:00:00,389.93158454270497
2025-02-05 05:00:00,406.44160790906983
2025-02-05 06:00:00,405.78337287815634
2025-02-05 07:00:00,445.6985854271247
2025-02-05 08:00:00,373.84774069341756
2025-02-05 09:00:00,360.0907390186184
2025-02-05 10:00:00,337.5371894715047
2025-02-05 11:00:00,314.772362127047
2025-02-05 12:00:00,287.2522574538697
2025-02-05 13:00:00,297.89842611189897
2025-02-05 14:00:00,278.41008495979713
2025-02-05 15:00:00,217.87439600635577
2025-02-05 16:00:00,196.75034815947157
2025-02-05 17:00:00,212.83572849882125
2025-02-05 18:00:00,188.95553911438057
2025-02-05 19:00:00,216.0660537262034
2025-02-05 20:00:00,217.45592003858215
2025-02-05 21:00:00,198.97443958140062
2025-02-05 22:00:00,280.9501040266012
2025-02-05 23:00:00,310.03564895165823
2025-02-06 00:00:00,287.74422619031225
2025-02-06 01:00:00,318.12787331153237
2025-02-06 02:00:00,355.7173078144981
2025-02-06 03:00:00,377.39981391839524
2025-02-06 04:00:00,399.77342583190045
2025-02-06 05:00:00,436.79667340423384
2025-02-06 06:00:00,396.46105545011903
2025-02-06 07:00:00,380.62663773813773
2025-02-06 08:00:00,359.0161558181534
2025-02-06 09:00:00,356.0920773198164
2025-02-06 10:00:00,349.33746054252407
2025-02-06 11:00:00,361.77306178060786
2025-02-06 12:00:00,289.6477740192766
2025-02-06 13:00:00,278.5938545225259
2025-02-06 14:00:00,249.67154207854497
2025-02-06 15:00:00,253.05718735030698
2025-02-06 16:00:00,263.9361081390286
2025-02-06 17:00:00,192.79004191268677
2025-02-06 18:00:00,190.21121114963555
2025-02-06 19:00:00,224.29063491247462
2025-02-06 20:00:00,227.03528941408237
2025-02-06 21:00:00,266.2234683960659
2025-02-06 22:00:00,261.67856370651924
2025-02-06 23:00:00,266.93225367400663
2025-02-07 00:00:00,311.8130966138462
2025-02-07 01:00:00,348.05597612191025
2025-02-07 02:00:00,366.40964362394726
2025-02-07 03:00:00,380.8561587408007
2025-02-07 04:00:00,407.93603417022695
2025-02-07 05:00:00,419.9784944378203
2025-02-07 06:00:00,427.64317982075056
2025-02-07 07:00:00,409.5667803806997
2025-02-07 08:00:00,383.2601787721068
2025-02-07 09:00:00,373.64495184732124
2025-02-07 10:00:00,374.13017933016715
2025-02-07 11:00:00,309.54319109050743
2025-02-07 12:00:00,307.373466177458
2025-02-07 13:00:00,266.2513192432007
2025-02-07 14:00:00,250.57489645869637
2025-02-07 15:00:00,254.85835913349126
2025-02-07 16:00:00,217.21944098195422
2025-02-07 17:00:00,204.33614833421615
2025-02-07 18:00:00,172.80287718040162
2025-02-07 19:00:00,218.3324886916376
2025-02-07 20:00:00,226.30714324437767
2025-02-07 21:00:00,272.55441634745443
2025-02-07 22:00:00,243.84443530093992
2025-02-07 23:00:00,278.5011020430266
2025-02-08 00:00:00,304.9876736742151
2025-02-08 01:00:00,357.43097010552157
2025-02-08 02:00:00,348.09408935226094
2025-02-08 03:00:00,376.2911086340615
2025-02-08 04:00:00,398.76047057277464
2025-02-08 05:00:00,400.324765092034
2025-02-08 06:00:00,391.07132770898943
2025-02-08 07:00:00,400.47438248687297
2025-02-08 08:00:00,408.07517537563933
2025-02-08 09:00:00,350.18037213043357
2025-02-08 10:00:00,352.6593934829375
2025-02-08 11:00:00,311.87948821146864
2025-02-08 12:00:00,323.90093257849685
2025-02-08 13:00:00,243.65435739407243
2025-02-08 14:00:00,238.82156305456826
2025-02-08 15:00:00,236.8335593826357
2025-02-08 16:00:00,244.70794020624297
2025-02-08 17:00:00,202.09241214963342
2025-02-08 18:00:00,188.89600946613604
2025-02-08 19:00:00,241.03055875990498
2025-02-08 20:00:00,184.43718161323127
2025-02-08 21:00:00,185.3132027489436
2025-02-08 22:00:00,258.8002890010666
2025-02-08 23:00:00,264.0770110026956
2025-02-09 00:00:00,279.57534365738576
2025-02-09 01:00:00,340.04903345623916
2025-02-09 02:00:00,354.876014275424
2025-02-09 03:00:00,359.4291055039202
2025-02-09 04:00:00,360.99645240502593
2025-02-09 05:00:00,414.04172919450974
2025-02-09 06:00:00,413.0040235591732
2025-02-09 07:00:00,394.6090653533192
2025-02-09 08:00:00,423.53528029939724
2025-02-09 09:00:00,349.3089827921317
2025-02-09 10:00:00,319.48949658150525
2025-02-09 11:00:00,312.0437431126272
2025-02-09 12:00:00,299.08827967289005
2025-02-09 13:00:00,278.9848844762018
2025-02-09 14:00:00,245.17527884287344
2025-02-09 15:00:00,236.33042981163123
2025-02-09 16:00:00,188.36667113774726
2025-02-09 17:00:00,232.28270945255838
2025-02-09 18:00:00,198.35697643214863
2025-02-09 19:00:00,225.75333400285572
2025-02-09 20:00:00,220.25196654911022
2025-02-09 21:00:00,238.42438626442092
2025-02-09 22:00:00,261.39534560464404
2025-02-09 23:00:00,283.0722666900941
2025-02-10 00:00:00,312.8544551973509
2025-02-10 01:00:00,352.4649551129007
2025-02-10 02:00:00,353.9304233940294
2025-02-10 03:00:00,384.890753270425
2025-02-10 04:00:00,384.8078264926993
2025-02-10 05:00:00,425.3949269378963
2025-02-10 06:00:00,386.4721539588146
2025-02-10 07:00:00,432.6113912871231
2025-02-10 08:00:00,385.79938136555705
2025-02-10 09:00:00,342.0951760762938
2025-02-10 10:00:00,352.56208829821577
2025-02-10 11:00:00,312.2608713607545
2025-02-10 12:00:00,316.81287097977446
2025-02-10 13:00:00,261.0656159037001
2025-02-10 14:00:00,241.07633133570442
2025-02-10 15:00:00,191.49850726243469
2025-02-10 16:00:00,204.35133323657462
2025-02-10 17:00:00,154.92983083851405
2025-02-10 18:00:00,168.32194353028552
2025-02-10 19:00:00,218.61571049397912
2025-02-10 20:00:00,229.1134627945728
2025-02-10 21:00:00,237.79847311704455
2025-02-10 22:00:00,230.66047713741568
2025-02-10 23:00:00,273.1638683669082
2025-02-11 00:00:00,299.92794921818864
2025-02-11 01:00:00,302.7146107264012
2025-02-11 02:00:00,380.06796603534303
2025-02-11 03:00:00,388.2579239301682
2025-02-11 04:00:00,382.18325690185054
2025-02-11 05:00:00,397.13029940879744
2025-02-11 06:00:00,404.16765615895105
2025-02-11 07:00:00,355.757885260421
2025-02-11 08:00:00,381.658992728032
2025-02-11 09:00:00,357.0709931586988
2025-02-11 10:00:00,329.9675998021017
2025-02-11 11:00:00,320.259898652533
2025-02-11 12:00:00,335.95373053699046
2025-02-11 13:00:00,286.9349527150881
2025-02-11 14:00:00,238.5764202043441
2025-02-11 15:00:00,240.74097750846846
2025-02-11 16:00:00,241.3845683532762
2025-02-11 17:00:00,221.90009102934854
2025-02-11 18:00:00,201.19260739840348
2025-02-11 19:00:00,190.4686818169817
2025-02-11 20:00:00,227.36192589382796
2025-02-11 21:00:00,237.15902958978023
2025-02-11 22:00:00,267.9038644005546
2025-02-11 23:00:00,286.8215315233872
2025-02-12 00:00:00,320.9910543063867
2025-02-12 01:00:00,315.17720027904073
2025-02-12 02:00:00,376.3478813126865
2025-02-12 03:00:00,374.66267021250275
2025-02-12 04:00:00,428.10775783094914
2025-02-12 05:00:00,382.8088262671155
2025-02-12 06:00:00,434.71927606330496
2025-02-12 07:00:00,400.5507982981598
2025-02-12 08:00:00,373.5741803061549
2025-02-12 09:00:00,361.0329614375683
2025-02-12 10:00:00,343.5930538361136
2025-02-12 11:00:00,334.36522343829046
2025-02-12 12:00:00,310.45670976071
2025-02-12 13:00:00,262.6440954109764
2025-02-12 14:00:00,249.51290815478038
2025-02-12 15:00:00,272.1347290535826
2025-02-12 16:00:00,247.94832302357037
2025-02-12 17:00:00,212.1338907645738
2025-02-12 18:00:00,200.760069563364
2025-02-12 19:00:00,205.8080439054584
2025-02-12 20:00:00,225.66781907616448
2025-02-12 21:00:00,208.83347057737714
2025-02-12 22:00:00,244.85246925153305
2025-02-12 23:00:00,240.74641401219603
2025-02-13 00:00:00,307.98446245210556
2025-02-13 01:00:00,338.8258233043069
2025-02-13 02:00:00,340.3362707540125
2025-02-13 03:00:00,402.1904133844554
2025-02-13 04:00:00,362.08722711839704
2025-02-13 05:00:00,367.3050850247104
2025-02-13 06:00:00,404.48903637119946
2025-02-13 07:00:00,417.5345486811499
2025-02-13 08:00:00,420.28109420760126
2025-02-13 09:00:00,361.53299286127594
2025-02-13 10:00:00,371.5736166686259
2025-02-13 11:00:00,325.111735120238
2025-02-13 12:00:00,296.5474540011836
2025-02-13 13:00:00,291.7912942394814
2025-02-13 14:00:00,263.0464575682684
2025-02-13 15:00:00,197.7614787416603
2025-02-13 16:00:00,242.92826661607407
2025-02-13 17:00:00,231.0092444540422
2025-02-13 18:00:00,187.4887459698094
2025-02-13 19:00:00,211.32348803984135
2025-02-13 20:00:00,223.27806334721092
2025-02-13 21:00:00,234.50279719782338
2025-02-13 22:00:00,238.99389692309154
2025-02-13 23:00:00,260.6856281309868
2025-02-14 00:00:00,299.4889185801711
2025-02-14 01:00:00,349.33648489543936
2025-02-14 02:00:00,360.87200309188864
2025-02-14 03:00:00,363.29839147693264
2025-02-14 04:00:00,402.03651459141076
2025-02-14 05:00:00,339.6217302163053
2025-02-14 06:00:00,422.9753140074421
2025-02-14 07:00:00,361.79830705334484
2025-02-14 08:00:00,379.35372155038124
2025-02-14 09:00:00,348.31728022613186
2025-02-14 10:00:00,324.10637048558186
2025-02-14 11:00:00,349.0984402578225
2025-02-14 12:00:00,290.6459759737622
2025-02-14 13:00:00,281.0481731243622
2025-02-14 14:00:00,249.06158842241635
2025-02-14 15:00:00,238.83013842580772
2025-02-14 16:00:00,214.93389744276126
2025-02-14 17:00:00,177.74757288732178
2025-02-14 18:00:00,219.9253363889428
2025-02-14 19:00:00,193.53228570786692
2025-02-14 20:00:00,182.26582164836114
2025-02-14 21:00:00,220.727018662027
2025-02-14 22:00:00,280.01519581268616
2025-02-14 23:00:00,291.1225303320177
2025-02-15 00:00:00,293.0269573118428
2025-02-15 01:00:00,318.8967504238835
2025-02-15 02:00:00,343.56729897565236
2025-02-15 03:00:00,412.2456377898716
2025-02-15 04:00:00,394.2412494230749
2025-02-15 05:00:00,405.1934155727282
2025-02-15 06:00:00,420.60566908063686
2025-02-15 07:00:00,401.3683658094371
2025-02-15 08:00:00,381.42169746202984
2025-02-15 09:00:00,366.7836811369552
2025-02-15 10:00:00,348.5679748117187
2025-02-15 11:00:00,325.1374597800553
2025-02-15 12:00:00,314.5525908727396
2025-02-15 13:00:00,275.1570132058939
2025-02-15 14:00:00,264.6528015443116
2025-02-15 15:00:00,227.67499027917364
2025-02-15 16:00:00,214.97016342787796
2025-02-15 17:00:00,163.443403680451
2025-02-15 18:00:00,218.32655349404962
2025-02-15 19:00:00,210.33718688905302
2025-02-15 20:00:00,233.3576618187492
2025-02-15 21:00:00,171.36421431747146
2025-02-15 22:00:00,291.7674940956145
2025-02-15 23:00:00,271.32630292664436
2025-02-16 00:00:00,322.1636563347503
2025-02-16 01:00:00,305.08378596774145
2025-02-16 02:00:00,362.2554781012514
2025-02-16 03:00:00,349.64236685518165
2025-02-16 04:00:00,374.12716116452776
2025-02-16 05:00:00,434.87320970624256
2025-02-16 06:00:00,396.18635198473305
2025-02-16 07:00:00,400.9412400925013
2025-02-16 08:00:00,404.003894992219
2025-02-16 09:00:00,380.62431587810687
2025-02-16 10:00:00,353.0083781028715
2025-02-16 11:00:00,333.18112455957663
2025-02-16 12:00:00,348.0683117047655
2025-02-16 13:00:00,272.9657195490762
2025-02-16 14:00:00,254.0219809342994
2025-02-16 15:00:00,250.30240980149753
2025-02-16 16:00:00,235.50797828071583
2025-02-16 17:00:00,227.14802348230077
2025-02-16 18:00:00,212.7746044405837
2025-02-16 19:00:00,180.5473191164835
2025-02-16 20:00:00,246.06609026757806
2025-02-16 21:00:00,206.36241402097147
2025-02-16 22:00:00,256.0527093047806
2025-02-16 23:00:00,259.0325784893607
2025-02-17 00:00:00,298.71723306814016
2025-02-17 01:00:00,332.4571527163217
2025-02-17 02:00:00,356.4271443090055
2025-02-17 03:00:00,379.14909320336045
2025-02-17 04:00:00,418.8767657596168
2025-02-17 05:00:00,405.66326865918643
2025-02-17 06:00:00,395.11686729418705
2025-02-17 07:00:00,415.874325994674
2025-02-17 08:00:00,410.39195015693673
2025-02-17 09:00:00,346.1585218159149
2025-02-17 10:00:00,361.94800139699714
2025-02-17 11:00:00,339.9053593564701
2025-02-17 12:00:00,294.04872993280014
2025-02-17 13:00:00,301.63223175598034
2025-02-17 14:00:00,246.99888825934948
2025-02-17 15:00:00,231.80085095077615
2025-02-17 16:00:00,209.93602313587877
2025-02-17 17:00:00,203.7189983227225
2025-02-17 18:00:00,178.07449826209597
2025-02-17 19:00:00,174.60639971920727
2025-02-17 20:00:00,245.2875608860556
2025-02-17 21:00:00,212.35009491497868
2025-02-17 22:00:00,230.17215301087379
2025-02-17 23:00:00,231.05029321767353
2025-02-18 00:00:00,287.22076504621
2025-02-18 01:00:00,299.4201086421021
2025-02-18 02:00:00,382.8403032027274
2025-02-18 03:00:00,390.90701990550747
2025-02-18 04:00:00,372.8395334748894
2025-02-18 05:00:00,441.641298735793
2025-02-18 06:00:00,419.6353097398319
2025-02-18 07:00:00,390.09595495873435
2025-02-18 08:00:00,336.61442608097246
2025-02-18 09:00:00,416.5295295704696
2025-02-18 10:00:00,322.2085506647281
2025-02-18 11:00:00,292.9739295711143
2025-02-18 12:00:00,320.4514086401928
2025-02-18 13:00:00,322.9131436165334
2025-02-18 14:00:00,277.6854563702104
2025-02-18 15:00:00,240.5675042823925
2025-02-18 16:00:00,225.29254645486188
2025-02-18 17:00:00,220.47572854669932
2025-02-18 18:00:00,215.1785717957353
2025-02-18 19:00:00,209.0312458504807
2025-02-18 20:00:00,215.48148170059366
2025-02-18 21:00:00,228.0374593233548
2025-02-18 22:00:00,234.9207082226664
2025-02-18 23:00:00,268.50459395241234
2025-02-19 00:00:00,266.14086371609227
2025-02-19 01:00:00,323.91511197435705
2025-02-19 02:00:00,330.22817785698163
2025-02-19 03:00:00,348.63889177433936
2025-02-19 04:00:00,390.20042340151343
2025-02-19 05:00:00,424.4326283557988
2025-02-19 06:00:00,418.36633212004625
2025-02-19 07:00:00,365.1825705564433
2025-02-19 08:00:00,366.80997764703716
2025-02-19 09:00:00,389.52610187841907
2025-02-19 10:00:00,330.3502521292338
2025-02-19 11:00:00,321.38924151031165
2025-02-19 12:00:00,311.00104198049104
2025-02-19 13:00:00,254.75120639247524
2025-02-19 14:00:00,252.10751012291922
2025-02-19 15:00:00,202.60881198298122
2025-02-19 16:00:00,201.37010674253187
2025-02-19 17:00:00,209.80305605394392
2025-02-19 18:00:00,168.1401253293666
2025-02-19 19:00:00,212.21691213030115
2025-02-19 20:00:00,213.00470364302254
2025-02-19 21:00:00,240.3391209696882
2025-02-19 22:00:00,254.47828268129317
2025-02-19 23:00:00,301.4009040892247
2025-02-20 00:00:00,302.50449005295815
2025-02-20 01:00:00,317.293793687747
2025-02-20 02:00:00,352.44595006064566
2025-02-20 03:00:00,381.5766386993825
2025-02-20 04:00:00,387.57974178495795
2025-02-20 05:00:00,397.4044164529845
2025-02-20 06:00:00,385.9601662438649
2025-02-20 07:00:00,383.33456427788786
2025-02-20 08:00:00,358.55043494245
2025-02-20 09:00:00,405.7022129823935
2025-02-20 10:00:00,325.1227352921743
2025-02-20 11:00:00,312.023800554334
2025-02-20 12:00:00,285.63185468861604
2025-02-20 13:00:00,292.0165830286368
2025-02-20 14:00:00,244.10100643415947
2025-02-20 15:00:00,254.24416333481997
2025-02-20 16:00:00,199.9276471366788
2025-02-20 17:00:00,208.9873006155692
2025-02-20 18:00:00,183.29305893480486
2025-02-20 19:00:00,246.31039992656093
2025-02-20 20:00:00,189.6454912409659
2025-02-20 21:00:00,235.4857360858858
2025-02-20 22:00:00,262.6755376186419
2025-02-20 23:00:00,282.3940774387778
2025-02-21 00:00:00,296.2942468224458
2025-02-21 01:00:00,323.28549051558355
2025-02-21 02:00:00,350.8762294395822
2025-02-21 03:00:00,367.770638086085
2025-02-21 04:00:00,405.88012271434206
2025-02-21 05:00:00,440.80304266073387
2025-02-21 06:00:00,388.8501642998433
2025-02-21 07:00:00,369.1965230373253
2025-02-21 08:00:00,384.8368994114188
2025-02-21 09:00:00,422.30486487174113
2025-02-21 10:00:00,333.9265086406054
2025-02-21 11:00:00,358.66424061913347
2025-02-21 12:00:00,333.5540162815288
2025-02-21 13:00:00,263.04633065558806
2025-02-21 14:00:00,261.3796615837055
2025-02-21 15:00:00,261.85725434391605
2025-02-21 16:00:00,205.81490480180642
2025-02-21 17:00:00,199.33581016904594
2025-02-21 18:00:00,188.36638172102712
2025-02-21 19:00:00,183.11228275723585
2025-02-21 20:00:00,200.411908720236
2025-02-21 21:00:00,204.8105165461001
2025-02-21 22:00:00,250.68166936518446
2025-02-21 23:00:00,258.71863086857496
2025-02-22 00:00:00,304.67571823581494
2025-02-22 01:00:00,294.76399158617954
2025-02-22 02:00:00,356.61760464428914
2025-02-22 03:00:00,387.38125735083327
2025-02-22 04:00:00,346.7278275270147
2025-02-22 05:00:00,404.0737140258583
2025-02-22 06:00:00,424.55337984946584
2025-02-22 07:00:00,372.3997622550827
2025-02-22 08:00:00,420.05398811519797
2025-02-22 09:00:00,379.09105830597565
2025-02-22 10:00:00,335.89976288483183
2025-02-22 11:00:00,324.766522957098
2025-02-22 12:00:00,311.1665382504344
2025-02-22 13:00:00,275.63820331799616
2025-02-22 14:00:00,260.77511984892743
2025-02-22 15:00:00,210.875850019758
2025-02-22 16:00:00,216.7846761022777
2025-02-22 17:00:00,175.13312743299358
2025-02-22 18:00:00,197.77547877302598
2025-02-22 19:00:00,185.3292645417974
2025-02-22 20:00:00,198.6868607697608
2025-02-22 21:00:00,254.011185385554
2025-02-22 22:00:00,271.82620241188533
2025-02-22 23:00:00,286.3008579078913
2025-02-23 00:00:00,278.1537447065484
2025-02-23 01:00:00,319.553735516356
2025-02-23 02:00:00,374.2619539995837
2025-02-23 03:00:00,373.54501639145286
2025-02-23 04:00:00,432.98913117807774
2025-02-23 05:00:00,404.45893941679424
2025-02-23 06:00:00,403.8409823298006
2025-02-23 07:00:00,390.4102533448568
2025-02-23 08:00:00,389.27335847408955
2025-02-23 09:00:00,367.6612813910439
2025-02-23 10:00:00,364.1621735337718
2025-02-23 11:00:00,345.0159508461438
2025-02-23 12:00:00,284.280210789841
2025-02-23 13:00:00,247.49343641859235
2025-02-23 14:00:00,213.2758925379341
2025-02-23 15:00:00,239.44914841959618
2025-02-23 16:00:00,191.3301274980787
2025-02-23 17:00:00,160.34960551204352
2025-02-23 18:00:00,207.7715720906193
2025-02-23 19:00:00,253.26740771974897
2025-02-23 20:00:00,213.27604139075828
2025-02-23 21:00:00,246.0591373703781
2025-02-23 22:00:00,251.63658717095123
2025-02-23 23:00:00,272.140302425925
2025-02-24 00:00:00,318.38152965975536
2025-02-24 01:00:00,320.07641362647905
2025-02-24 02:00:00,355.3478462814381
2025-02-24 03:00:00,377.144634242575
2025-02-24 04:00:00,373.24073130558287
2025-02-24 05:00:00,416.4334296196373
2025-02-24 06:00:00,396.5008048660918
2025-02-24 07:00:00,381.47767943904995
2025-02-24 08:00:00,397.33273724985196
2025-02-24 09:00:00,352.741318482834
2025-02-24 10:00:00,350.56362314738254
2025-02-24 11:00:00,325.69952457736804
2025-02-24 12:00:00,321.71791131663156
2025-02-24 13:00:00,283.612060147347
2025-02-24 14:00:00,249.49946082509715
2025-02-24 15:00:00,245.64464786535103
2025-02-24 16:00:00,241.20161060190242
2025-02-24 17:00:00,214.56362349813043
2025-02-24 18:00:00,200.20705239686762
2025-02-24 19:00:00,177.17069272408997
2025-02-24 20:00:00,192.0951863600487
2025-02-24 21:00:00,223.1848277942519
2025-02-24 22:00:00,237.80975595681429
2025-02-24 23:00:00,270.3786694300389
2025-02-25 00:00:00,301.13299849794214
2025-02-25 01:00:00,336.4757595973867
2025-02-25 02:00:00,348.59002443881815
2025-02-25 03:00:00,380.4407109951788
2025-02-25 04:00:00,387.89202867464627
2025-02-25 05:00:00,357.0832513018294
2025-02-25 06:00:00,381.2132921236249
2025-02-25 07:00:00,393.71083151447453
2025-02-25 08:00:00,362.40864552162174
2025-02-25 09:00:00,382.70925271857885
2025-02-25 10:00:00,380.6150166468739
2025-02-25 11:00:00,350.2571415441985
2025-02-25 12:00:00,295.73114258139583
2025-02-25 13:00:00,303.93261822674697
2025-02-25 14:00:00,252.97334914404226
2025-02-25 15:00:00,222.54760245898453
2025-02-25 16:00:00,201.12940635073736
2025-02-25 17:00:00,197.35802364133062
2025-02-25 18:00:00,192.23646362917543
2025-02-25 19:00:00,206.81574181860293
2025-02-25 20:00:00,216.60893924255345
2025-02-25 21:00:00,229.35024228441353
2025-02-25 22:00:00,258.73876339492693
2025-02-25 23:00:00,297.9310209854746
2025-02-26 00:00:00,318.99108270882647
2025-02-26 01:00:00,296.183945141254
2025-02-26 02:00:00,298.9215773019609
2025-02-26 03:00:00,389.39707634344023
2025-02-26 04:00:00,359.2649664101354
2025-02-26 05:00:00,392.0972745910532
2025-02-26 06:00:00,376.5977394788128
2025-02-26 07:00:00,360.55297387730644
2025-02-26 08:00:00,397.4317949425397
2025-02-26 09:00:00,385.8937813247077
2025-02-26 10:00:00,338.46979198546563
2025-02-26 11:00:00,274.0610586673539
2025-02-26 12:00:00,289.07511103495034
2025-02-26 13:00:00,281.95417559779884
2025-02-26 14:00:00,220.42176862451745
2025-02-26 15:00:00,232.95652027692842
2025-02-26 16:00:00,213.09126263809625
2025-02-26 17:00:00,214.99324736311493
2025-02-26 18:00:00,202.39160736828308
2025-02-26 19:00:00,183.94603855346207
2025-02-26 20:00:00,237.32888965484597
2025-02-26 21:00:00,226.11873042080583
2025-02-26 22:00:00,249.4539092098013
2025-02-26 23:00:00,255.4527363082839
2025-02-27 00:00:00,291.1343549761698
2025-02-27 01:00:00,308.18585022971405
2025-02-27 02:00:00,346.5410788015315
2025-02-27 03:00:00,404.9448477215016
2025-02-27 04:00:00,359.16451751981674
2025-02-27 05:00:00,364.321354671372
2025-02-27 06:00:00,429.4234065498722
2025-02-27 07:00:00,392.4061090858695
2025-02-27 08:00:00,373.22108560524555
2025-02-27 09:00:00,391.5087718665763
2025-02-27 10:00:00,337.88768920526275
2025-02-27 11:00:00,362.40209878119083
2025-02-27 12:00:00,313.5585174267854
2025-02-27 13:00:00,264.35986732683386
2025-02-27 14:00:00,293.1461642653101
2025-02-27 15:00:00,217.17502342127852
2025-02-27 16:00:00,228.23936706174229
2025-02-27 17:00:00,209.39326897922302
2025-02-27 18:00:00,226.03482578797596
2025-02-27 19:00:00,234.63764130563024
2025-02-27 20:00:00,214.0375426028715
2025-02-27 21:00:00,214.22096447442158
2025-02-27 22:00:00,259.1994428587823
2025-02-27 23:00:00,260.56378809470567
2025-02-28 00:00:00,340.26774495053246
2025-02-28 01:00:00,328.6126111319068
2025-02-28 02:00:00,342.6935689737578
2025-02-28 03:00:00,374.4042842359529
2025-02-28 04:00:00,359.6600145878499
2025-02-28 05:00:00,377.1603018586938
2025-02-28 06:00:00,424.0082781588885
2025-02-28 07:00:00,383.4546970494789
2025-02-28 08:00:00,365.6643207248051
2025-02-28 09:00:00,381.44373316920047
2025-02-28 10:00:00,373.71408309325994
2025-02-28 11:00:00,340.26097072355344
2025-02-28 12:00:00,319.92095371611634
2025-02-28 13:00:00,258.9821937183587
2025-02-28 14:00:00,221.56378666516315
2025-02-28 15:00:00,259.315994920455
2025-02-28 16:00:00,206.94386284471344
2025-02-28 17:00:00,198.39075704199223
2025-02-28 18:00:00,226.56388283698115
2025-02-28 19:00:00,214.53201755910638
2025-02-28 20:00:00,222.5152150631883
2025-02-28 21:00:00,272.5893687793669
2025-02-28 22:00:00,237.1296353923971
2025-02-28 23:00:00,292.67489805137257
2025-03-01 00:00:00,301.1402624979417
2025-03-01 01:00:00,331.25375008751723
2025-03-01 02:00:00,380.5693685282506
2025-03-01 03:00:00,380.8673932444472
2025-03-01 04:00:00,397.3684619594365
2025-03-01 05:00:00,418.04272937510285
2025-03-01 06:00:00,392.7009454091423
2025-03-01 07:00:00,379.8083892821267
2025-03-01 08:00:00,365.70635649802324
2025-03-01 09:00:00,331.3835463311347
2025-03-01 10:00:00,391.12414259880643
2025-03-01 11:00:00,303.8177371958185
2025-03-01 12:00:00,295.57492752828455
2025-03-01 13:00:00,268.58182949196953
2025-03-01 14:00:00,256.14813395618205
2025-03-01 15:00:00,245.60406613213124
2025-03-01 16:00:00,230.60692938875107
2025-03-01 17:00:00,191.7458685997144
2025-03-01 18:00:00,196.65756572427176
2025-03-01 19:00:00,209.05901638085916
2025-03-01 20:00:00,208.4236370978852
2025-03-01 21:00:00,261.4362334017451
2025-03-01 22:00:00,259.81949903276495
2025-03-01 23:00:00,288.81565121074414
